TTCAC	6152
TCACG	5578
CACGA	3452
ACGAG	2505
CGAGG	3340
GAGGC	3500
AGGCG	7634
GGCGC	12126
GCGCT	11605
CGCTA	3396
GCTAC	3382
CTACC	2956
TACCT	2904
ACCTA	1201
CCTAA	999
CTAAA	2038
TAAAT	3517
AAATA	4246
AATAG	1947
ATAGC	3259
TAGCT	1673
AGCTT	4465
GCTTT	7299
CTTTC	5505
TTTCG	5759
TTCGG	4517
TCGGG	3416
CGGGG	3917
GGGGA	3359
GGGAG	2662
GGAGA	4367
GAGAA	4291
AGAAC	3994
GAACC	3946
AACCA	5164
ACCAG	8503
CCAGC	16899
CAGCT	8796
AGCTA	1640
GCTAT	3202
CTATC	2859
TATCT	3300
ATCTC	4148
TCTCC	4280
CTCCC	2672
TCCCG	5027
CCCGG	7201
CCGGT	7707
CGGTT	6067
GGTTT	6276
GTTTG	5229
TTTGA	4642
TTGAT	5410
TGATT	5649
GATTG	4586
ATTGG	2795
TTGGC	5074
TGGCC	6587
GGCCT	5138
GCCTT	5136
CCTTT	4531
TTTCA	7145
TCACC	8566
CACCC	4852
ACCCC	2491
CCCCC	1994
CCCCA	3051
CCCAG	6009
CAGCC	9385
AGCCA	6138
GCCAC	6928
CCACA	3786
CACAG	3566
ACAGG	4621
CAGGT	6921
AGGTC	3146
GGTCA	6226
GTCAT	4725
TCATC	7279
CATCC	5377
ATCCG	5705
TCCGC	6702
CCGCT	7750
GCTAA	2649
CTAAT	1205
TAATT	2820
AATTT	4633
ATTTT	6734
TTTTT	9498
TTTTC	7895
TTCAA	4566
TCAAC	5511
CAACA	4573
AACAT	3965
ACATT	2833
CATTA	3712
ATTAG	1199
TTAGT	1152
TAGTC	1408
AGTCG	2551
GTCGG	4643
TCGGT	4872
GGTTC	3895
GTTCG	4749
CGGTC	5474
GGTCC	1781
GTCCT	2228
TCCTC	2886
CCTCC	2726
CTCCA	3992
TCCAG	8741
CCAGT	5404
CAGTT	5145
AGTTA	2047
GTTAG	1583
TAGTG	1643
AGTGT	1681
GTGTT	3521
TGTTA	2728
GTTAC	3572
TTACC	5578
TACCC	3711
ACCCA	3787
CCCAA	1818
CCAAC	3286
CAACC	4902
AACCT	4098
ACCTT	3873
CCTTC	5407
CTTCA	6793
ACCTG	7134
CCTGC	10841
CTGCC	8364
TGCCC	5700
GCCCA	5319
CCCAT	3163
CCATG	4696
CATGG	4754
ATGGC	7313
TGGCT	6141
GGCTA	2968
GCTAG	319
CTAGA	168
TAGAT	1243
AGATC	4957
GATCA	6129
ATCAC	6134
CACCG	8979
ACCGG	7570
CCGGG	7201
CGGGT	5624
GGGTT	4308
GTTTC	5027
GGGTC	2566
GGTCT	3456
GTCTA	1136
TCTAT	1936
CTATA	1573
TATAC	1736
ATACC	4477
ACCCT	3239
CCCTG	6196
CTGCA	6219
TGCAA	3936
GCAAC	5741
CAACT	2706
AACTT	2780
ACTTA	1393
CTTAA	2967
TTAAC	4777
TAACG	4951
AACGC	7896
ACGCC	8932
CGCCC	7528
GTTAA	4923
TTAAG	2864
TAAGA	1704
AAGAC	3098
AGACT	1617
GACTC	1624
ACTCG	1866
CTCGG	3437
TTTCC	6056
TTCCC	4318
TCCCT	2540
CCCTT	3111
CTTCG	5916
TCGGC	7593
CGGCT	6686
GGCTC	3536
GCTCC	3618
TCCCC	3369
CCCCT	2647
CCCTA	908
CCTAT	1412
ATACG	3412
TACGG	4131
ACGGT	6146
GGTTA	4269
TAACC	4214
CCTTG	2478
CTTGC	3325
TTGCT	4381
TGCTA	1548
CTACA	2184
TACAG	3349
ACAGA	3173
CAGAA	6447
AGAAT	3215
GAATA	4088
AATAT	4157
ATATA	1785
TATAA	2175
ATAAG	2506
TAAGT	1454
AAGTC	2267
GTCGC	6325
TCGCT	5655
CGCTG	16103
GCTGA	11663
CTGAC	6878
TGACC	6263
GACCC	2595
CCATT	4604
ATTAT	3778
TTATA	2177
ATACA	2139
TACAA	2040
ACAAA	4326
CAAAA	6565
AAAAG	5722
AAAGG	4573
AAGGT	3869
AGGTA	2860
GGTAC	3505
GTACG	3790
TACGC	5601
ACGCA	5420
CGCAG	9966
GCAGT	4579
CAGTC	3163
AGTCA	2346
GTCAC	4371
CCATA	3074
CATAA	3395
ATAAA	5901
TAAAG	4876
AAAGA	5555
AAGAG	4050
AGAGG	2935
AGGCT	3983
TCCCA	2520
CCCAC	3687
CCACT	3248
CACTG	3955
ACTGC	4678
CTGCT	10214
TGCTT	4210
GCTTG	3715
CTTGT	1928
TTGTA	2118
TGTAC	2690
TACGT	2589
ACGTA	2529
CGTAC	3740
GTACA	2628
TACAC	1919
ACACG	2546
CACGG	5380
TTCAG	8279
TCAGG	8008
AGGTT	4186
GTTCT	3839
TTCTT	4426
TCTTT	5412
CTTTT	5525
TCACT	3052
CACTC	2125
ACTCC	2343
CCCTC	2464
CCTCG	3264
CTCGC	4663
TCGCC	10345
CGCCG	13996
GCCGG	9772
GGGGT	2541
TTCGC	7342
CGCCT	7608
CCTCA	2945
CTCAC	3067
CGGTA	6540
GTACT	2463
TACTG	3579
ACTGG	5632
CTGGT	8408
TGGTT	5089
GTTCA	6058
CACTA	1551
ACTAT	1821
TATCG	5898
ATCGG	5433
GTCAG	7049
TCAGT	3687
CAGGA	6928
AGGAG	2755
GGAGT	2434
GAGTA	2073
AGTAT	2021
GTATT	3858
TATTT	4112
ATTTA	3576
TTTAG	1946
TTAGC	2410
TAGCC	2736
AGCCT	4007
CTTGG	1342
TTGGA	1242
TGGAG	4144
GGAGG	2660
GAGGA	2856
AGGAT	4058
GGATG	5569
GATGG	7026
ATGGT	4983
TGGTC	5162
GTCCC	2063
CATAT	2832
ATATT	4220
TATTC	4199
ATTCA	4553
TCAGA	4423
CAGAC	5898
AGACA	2451
GACAG	4014
GGATA	4446
GATAC	3794
TACCA	3414
ACCAC	5701
CCACG	6563
CACGT	3942
ACGTG	4013
CGTGT	2521
GTGTC	2381
TGTCC	3159
CCCGC	7701
CCGCC	11380
GCCCT	4253
CCTAC	1794
CTACT	1476
TACTC	2031
ACTCT	1925
CTCTT	4146
TCTTC	6470
TTCGA	3715
TCGAG	2798
CGAGT	1867
GAGTT	2698
AGTTC	3812
TCACA	2528
ACAGC	7396
CAGCA	13709
AGCAT	4678
GCATG	5111
CATGT	2810
ATGTG	2690
TGTGT	1703
GTGTG	2423
TGTGC	3708
GTGCT	5496
TTCGT	4105
TCGTG	3595
GTGTA	1988
ACGGG	4060
CGGGA	5000
GGGAC	2033
GGACT	1973
GACTA	1431
TATCA	4273
CCTGT	4709
CTGTA	3320
GTACC	3556
TACCG	6538
ACCGT	6000
CCGTC	6634
CGTCG	7202
TCGGA	2149
CGGAC	3880
GACTT	2218
ACTTT	3551
TTCCA	5606
CCAGA	7611
AGACC	3537
GACCG	5429
CCGTT	6338
CGTTC	5660
GTTCC	4146
TCCAC	4628
ACTAA	1127
CTAAC	1647
TAACA	2749
AACAC	3497
ACACA	1695
CACAC	2443
CACAA	3108
ACAAG	1878
CAAGC	3602
AAGCT	4341
AGCTG	8832
CTGAT	8243
GATTC	2944
CTCCG	3580
TCCGG	6640
CGGGC	7800
GGGCT	4718
GGCTG	9330
GCTGC	12209
TGCTC	5150
CCCCG	3927
CCCGT	4148
CGCTC	5591
GCTCG	5163
GCCGC	13070
CTGGG	6168
TGGGG	3233
GGGGG	2193
GGGAA	4407
GGAAT	3497
GAATC	2942
AATCT	3168
TCTCG	2963
GGTTG	5210
GTTGA	5584
GATTT	5789
ATTTC	5358
TTTCT	4825
TTCCT	3966
GGGTA	3666
TACTT	1876
CTTAG	860
TTAGA	954
AGATG	4440
GATGT	4381
ATGTT	3849
TGTTT	5113
GCCTC	3379
CTCGT	2380
TCGTT	4500
CGTTA	5217
CTATG	2004
TATGT	1874
ATGTA	2069
TGTAT	2141
AACGA	4538
ACGAT	5104
CGATA	5845
GATAG	2885
ATAGT	1792
AGTGC	3200
GTGCA	3954
CAACG	6129
AACGG	6149
ACGGA	3702
CGGAT	5869
GGATT	3899
ATTGC	5197
TTGCA	3850
TGCAC	4018
GCACT	3211
TGGGT	3934
CATTC	4196
ATTCG	3255
GGACA	3096
GACAT	3411
ACATC	4501
CATCG	7617
ATCGC	8834
GTCAA	3277
TCAAA	4616
CAAAG	5138
TTCAT	5553
TCATA	2573
ATATC	4840
CACCT	4935
ACCTC	3023
CCGGC	9299
CGGCG	13750
CGCTT	7270
TCGCA	3698
GCAGA	7331
CAGAT	6457
AGATT	3137
GATTA	3608
TAGCA	1441
AGCAC	5492
GCACG	6237
ACGTC	4738
CGTCC	4697
TCCTT	2568
CCTCT	2817
CTCTG	3724
TCTGA	4269
TGACT	2365
GACTG	3278
TGCCA	6564
GCCAG	13907
CCAGG	7246
CAGGG	6358
AGGGC	4504
GGGCA	5634
GGCAT	6452
GCATC	7400
ATCCA	5284
CCACC	7347
CCGTG	5261
ACGCT	7350
GCTTA	3582
ACAAC	3772
AACCC	4181
ACCCG	5822
CCCGA	3435
CCGAA	4591
CGAAG	6052
GAAGA	6625
AAGAT	4067
CACTT	3466
ACTTC	4294
CTTCT	4319
TTCTG	6148
TTGCG	5501
TGCGA	3661
GCGAA	7467
CGAAA	5987
GAAAA	8249
AAAAT	6842
AAATT	4694
ATTTG	3247
TTGAG	3876
TGAGA	2815
GAGAG	2836
AGAGA	3268
GAGAC	2315
CTCGA	2776
TCGAA	3821
CGAAC	4774
GAACA	5544
CACAT	2656
ACATG	2898
CATGA	4476
ATGAG	3076
TGAGC	6005
GAGCT	4275
GCTGT	7443
CTGTG	3629
TGTCG	5080
GTCGT	4154
CGTTT	6633
TCAAT	4395
CAATT	2540
TCAGC	11382
CTTGA	2701
TGATC	6308
GATCC	5822
TTTTA	5330
TTTAA	4362
TTAAA	4546
AGAGC	3930
GAGCA	5334
AGCAA	4341
GCAAA	7391
AAAAC	7548
AAACT	3708
CAGTG	3960
GCACC	7058
CTGAA	8516
TGAAG	7034
GAAGT	4301
AAGTT	2779
AGTTT	3642
GTTTT	7332
TCTTG	2001
TTGTG	3138
TGTTC	5425
CAGTA	3679
AGTAA	2602
GTAAA	5344
AAGGA	2589
TGGTG	8970
GGTGG	7403
GTGGA	4716
GGAGC	3771
TATGC	3429
ATGCG	5939
TGCGG	7434
GCGGG	7664
GGGAT	4396
GGATC	5789
GATCG	6876
ATCGA	5331
AACCG	5964
ACCGC	8352
CCGCA	7465
GACCT	3294
CTCCT	2723
TCCTG	6884
CTGCG	10132
TGCGT	5442
GCGTG	8164
CGTGC	6075
GCAAG	3370
CAAGG	2403
AAGGC	5169
AGGCA	4032
GGCAG	8334
GCAGG	10800
CAGGC	10468
GCTCT	3892
CTCTC	2821
CTGAG	4075
TATAG	1491
AGCCC	4637
GCCCC	3765
CCATC	6840
ATCGT	5282
TTTGT	4226
TGTAA	2431
GTAAT	3703
TAATC	3731
TCTCT	3458
TCTGT	3049
GCTCA	5752
CTCAT	2953
ATCCT	4010
CTTTA	4654
TAAAA	5298
TTTGG	3823
TTGGT	3313
TGGTA	3409
GGTAG	2795
GTAGG	1760
TAGGC	1575
AGGCC	5063
GCCTG	10647
CCTGA	8183
TGAGT	2452
GAGTG	2210
AGTGG	3448
TGGAC	3473
ACTTG	1102
TTGAA	4718
TGAAC	6103
ACCGA	4988
CCGAC	4707
CGACC	4816
CCTTA	2272
CTTAT	2507
TTATC	6249
ATCAG	8240
AGGGG	2712
GGGTG	4786
GGTGC	7092
GTGCG	5743
TGCGC	10778
CTCTA	1401
TCTAA	1010
AAGCC	5969
TGCAG	6113
CAGAG	3736
GAGAT	4073
TTTAC	5221
TTACT	2513
TGCTG	13979
CTGTT	6400
CATCA	8671
GACAA	3714
ACAAT	3027
CAATC	4654
ATCTG	6280
TGTGA	2555
GTGAG	3258
TAAGG	2178
GGTAA	5670
GTAAG	2697
GAGGT	2986
AGGTG	4781
GGTGA	8760
GTGAT	6223
TCCAA	1211
CTACG	3013
TTGTT	4034
TTACG	4528
TACGA	2422
ACGAC	4116
CGACT	2596
TCATG	4397
ATGAA	5777
TGAAT	4593
AATCA	5696
AAAGT	3722
AAGTG	3585
GTGGT	5926
TAAGC	3626
AAGCG	7308
AGCGC	11442
GCGCC	12321
GAAGG	5547
TTTTG	6366
TTTGC	7260
GGTGT	4408
GTGAC	4357
TGACG	7828
GACGG	6680
GGGCG	7917
GGCGG	11515
GCGGT	8482
CGGTG	9126
GGCCC	3181
GCCCG	7709
GGAAC	4354
GAACG	5834
AACGT	5075
CGTAT	3409
CGTGG	6660
GTGGC	6945
TGGCA	6720
GCATT	5085
ATTCT	3233
CGATT	4242
ATTAC	3604
TACTA	936
ACTAG	211
CTAGC	332
TAGCG	3350
AGCGA	5689
GCGAT	8672
ATTCC	3504
TTCCG	6001
TCCGA	2129
ATGGA	4045
GAGTC	1696
GTCGA	4596
AGTTG	2524
GTTGC	5659
CCAAT	2734
AATCC	3906
CCGGA	6976
ACTAC	2281
CGACG	7207
GACGC	7696
CGCAC	5807
TTTAT	6107
TTATG	3463
TATGA	2676
TGAGG	3012
GTCCG	3865
TCGCG	7466
CGCGA	7475
GCGAG	4819
GGTCG	4885
GCTTC	7043
TTCTC	4233
CTTTG	5109
GTATG	2735
CGCCA	13846
GCCAT	7298
CATTG	4362
ATTGT	2972
TGTAG	2233
GTAGC	3199
TCGTA	2364
CGTAA	4521
AAGGG	3074
GGGCC	3319
GGCCA	6636
ATGAT	5439
TGATG	9104
GATGA	7618
ATGAC	4776
TTGAC	3330
GACGT	4760
CGTCA	7927
ATCCC	4403
CTTCC	6185
GTTTA	4076
CTGGC	13950
AGTCT	1626
GTCTC	2280
CGGCC	6690
GCCTA	1657
GCTGG	16929
GGCAA	7706
AACAA	4141
GATAA	6275
AGGGT	3227
CGTTG	6349
CATTT	4381
CGAGC	5163
GACGA	5389
CGACA	5091
CATGC	5062
ATGCA	3923
GCAGC	11971
CTGTC	4110
TGTCT	2428
TCTCA	2781
CTCAG	3932
AGAGT	1924
GGCAC	4952
CACCA	8621
ACCAA	3152
CCAAA	3951
AAAGC	7587
AAGCA	4295
CATCT	4355
TCTGC	7201
CTAAG	895
TCTGG	7559
CTGGA	8722
TGGAT	5380
ATGTC	3412
TGTCA	2923
TCAAG	2497
CAAGA	1876
AGTAG	1492
TAGGT	1197
CGCGT	7566
GCGTT	7935
TGCAT	3879
CGAAT	3142
GAATT	3154
AATTA	2748
ATTAA	4073
TAAAC	4138
AAACC	6345
ATGCT	4796
AATTC	3206
TCATT	4129
GCGGC	12860
GGCCG	6704
GCCGT	8498
CCGTA	4093
TCGAC	4645
ACGCG	7641
AGCTC	4148
CGGAA	6036
GGAAG	6062
GAAGC	7098
CACGC	8150
CTCAA	3928
GCACA	3763
CCAAG	1261
CAAGT	1125
ACGGC	8432
GGCGT	9119
GGTAT	4505
GTATC	3820
ATCTA	1329
GAGCG	5616
AGCGT	7205
GCGTC	7720
GTCTT	2896
TTGTC	3687
GTCCA	3492
GGGGC	3962
GATCT	5050
TCTAC	2172
CGCAT	5903
ACACC	4416
CCTGG	7128
TGGAA	5728
TTCTA	1409
TCTAG	157
GAATG	4263
AATGC	5181
GAGCC	3644
TGACA	2885
CCGAT	5521
TCCGT	3680
TATTA	2586
CCGCG	9230
CGCGG	8990
CGGAG	3671
AGCCG	6952
GTAAC	3480
AATTG	2621
GTTAT	4183
TTATT	4686
TGAAA	7604
GAAAG	5701
AAGTA	1971
AGTAC	2502
TTACA	2392
CATAC	2584
CGGCA	11058
GGCTT	5694
GCAAT	5114
CAATA	3636
TGCCT	4066
CGTAG	2829
TAGGA	596
GTCTG	5926
GGACC	1818
TGTGG	3914
GACCA	5116
CTAGG	141
TAGGG	973
AGGGA	2567
TCGTC	5462
CCTAG	150
TGGGC	5322
CGATG	7541
GCGAC	6242
ACGTT	5086
GTAGT	2208
TAGTT	1403
TATCC	4297
TCCAT	3794
ACTCA	2402
AGCAG	10268
TTAGG	1072
TGCCG	11268
CAGCG	15758
ATCAA	5248
CAAAC	5158
AACTC	2756
GATGC	7629
CAATG	4440
AATGA	4298
TAATG	3809
CCGAG	3313
AGGAC	2188
AAGAA	4545
GTGCC	4882
TGATA	4254
CGCGC	14026
TGGCG	13834
GCGTA	5513
GTATA	1663
TATAT	1796
GTGAA	6323
AGTGA	3069
TCGAT	5154
GCGCA	10726
ATAGG	1368
GCCGA	7580
AGGAA	3968
AGCGG	7696
GCGGA	6629
GGAAA	6226
AAAAA	9633
AAATG	4620
AAACG	6744
CGTCT	4728
CTATT	1935
TTAAT	4138
CTAGT	196
TAATA	2643
AATAC	3884
ATACT	1970
GCATA	3316
ACCAT	4959
AGACG	4803
AATGT	2955
AGATA	3306
AAACA	5275
ATGCC	6643
CTTAC	2614
AACTG	5353
ACTGT	2258
AATAA	4625
ATAAT	3957
ATAGA	1891
CGATC	6823
AGTCC	2011
GAACT	3901
GGCGA	10375
ACTGA	3597
CATAG	1987
GGACG	4687
CGTGA	5777
CGAGA	3065
AGAAA	5071
TTGCC	7709
TAGTA	894
AATCG	4489
CGCAA	5633
ATTGA	4407
TAGAC	1097
AGAAG	4423
TAACT	2096
TACAT	2035
ACATA	1835
TATGG	3060
GTAGA	2182
TAGAA	1420
GTTGG	3527
GCGCG	13720
GAAAC	5228
ATAAC	4106
TTGGG	1858
GCCAA	5051
ACGAA	4076
GAAAT	5710
AATGG	4698
GACAC	2384
ACACT	1586
GATAT	4897
AACAG	6538
TAGAG	1435
TGGGA	2572
CAAAT	3423
TATTG	3802
AAATC	5932
ATGGG	3197
GTTGT	3851
GTGGG	3838
ATATG	2837
TGTTG	4538
ATCTT	4116
ATCAT	5147
AACTA	1522
ACAGT	2277
TCCTA	589
TCTTA	1701
GAGGG	2605
